-- phpMyAdmin SQL Dump
-- version 5.1.2
-- https://www.phpmyadmin.net/
--
-- Host: localhost:3306
-- Generation Time: Aug 21, 2024 at 02:47 PM
-- Server version: 5.7.24
-- PHP Version: 8.1.0

SET SQL_MODE = "NO_AUTO_VALUE_ON_ZERO";
START TRANSACTION;
SET time_zone = "+00:00";


/*!40101 SET @OLD_CHARACTER_SET_CLIENT=@@CHARACTER_SET_CLIENT */;
/*!40101 SET @OLD_CHARACTER_SET_RESULTS=@@CHARACTER_SET_RESULTS */;
/*!40101 SET @OLD_COLLATION_CONNECTION=@@COLLATION_CONNECTION */;
/*!40101 SET NAMES utf8mb4 */;

--
-- Database: `point_of_sale_management_system`
--

-- --------------------------------------------------------

--
-- Table structure for table `cart_orders`
--

CREATE TABLE `cart_orders` (
  `cart_id` varchar(255) NOT NULL,
  `cashier_id` varchar(255) NOT NULL,
  `product_id` varchar(255) NOT NULL,
  `cart_product_qty` int(11) NOT NULL,
  `time_order` datetime NOT NULL DEFAULT CURRENT_TIMESTAMP
) ENGINE=InnoDB DEFAULT CHARSET=utf8;

--
-- Dumping data for table `cart_orders`
--

INSERT INTO `cart_orders` (`cart_id`, `cashier_id`, `product_id`, `cart_product_qty`, `time_order`) VALUES
('CA1983198710', 'MB2248769214', 'PD1986360441', 1, '2024-08-21 21:45:55');

-- --------------------------------------------------------

--
-- Table structure for table `categories`
--

CREATE TABLE `categories` (
  `cat_id` varchar(255) NOT NULL,
  `cat_name_main` varchar(255) NOT NULL,
  `cat_name_sub` varchar(255) NOT NULL,
  `time_order` datetime NOT NULL DEFAULT CURRENT_TIMESTAMP
) ENGINE=InnoDB DEFAULT CHARSET=utf8;

--
-- Dumping data for table `categories`
--

INSERT INTO `categories` (`cat_id`, `cat_name_main`, `cat_name_sub`, `time_order`) VALUES
('CT1005332607', 'สินค้าประเภทอื่น', 'อุปกรณ์ทำความสะอาด', '2024-07-18 08:54:08'),
('CT1264362123', 'เครื่องใช้ในครัวเรือน', 'ถุงขยะ', '2024-07-18 08:52:07'),
('CT1444296577', 'ผลิตภัณฑ์เพื่อสุขภาพและความงาม', 'ครีมบำรุงผิว', '2024-07-18 08:52:58'),
('CT1446403269', 'อาหารแห้งและอาหารสำเร็จรูป', 'ขนมขบเคี้ยว', '2024-07-18 08:47:35'),
('CT1576343599', 'อาหารแห้งและอาหารสำเร็จรูป', 'อาหารกระป๋อง', '2024-07-18 08:48:04'),
('CT1715644319', 'ผลิตภัณฑ์นม', 'เนย', '2024-07-18 08:48:55'),
('CT1883527540', 'เครื่องดื่ม', 'ชา กาแฟ', '2024-07-18 08:46:15'),
('CT1902860849', 'ผลไม้และผักสด', 'ผลไม้สด', '2024-07-18 08:49:16'),
('CT2369775768', 'สินค้าประเภทอื่น', 'อาหารสัตว์เลี้ยง', '2024-07-18 08:53:49'),
('CT2448641945', 'เนื้อสัตว์และอาหารทะเล', 'อาหารทะเลสด', '2024-07-18 08:50:11'),
('CT2643848576', 'เนื้อสัตว์และอาหารทะเล', 'เนื้อแช่แข็ง', '2024-07-18 08:50:01'),
('CT2680393806', 'เนื้อสัตว์และอาหารทะเล', 'เนื้อสด', '2024-07-18 08:49:53'),
('CT2900345008', 'ผลิตภัณฑ์เพื่อสุขภาพและความงาม', 'สบู่ แชมพู', '2024-07-18 08:52:18'),
('CT3385017092', 'ผลิตภัณฑ์นม', 'ชีส', '2024-07-18 08:49:03'),
('CT3757236922', 'ผลไม้และผักสด', 'ผักสด', '2024-07-18 08:49:29'),
('CT4003830558', 'ของใช้ส่วนตัว', 'ผ้าอ้อม', '2024-07-18 08:53:25'),
('CT4038092452', 'ผลิตภัณฑ์เพื่อสุขภาพและความงาม', 'ยาสีฟัน', '2024-07-18 08:52:40'),
('CT4187957373', 'ผลิตภัณฑ์นม', 'โยเกิร์ต', '2024-07-18 08:48:44'),
('CT4815028065', 'ผลิตภัณฑ์นม', 'นมสด', '2024-07-18 08:48:21'),
('CT4993736763', 'เนื้อสัตว์และอาหารทะเล', 'อาหารทะเลแช่แข็ง', '2024-07-18 08:50:22'),
('CT5243993127', 'เครื่องใช้ในครัวเรือน', 'ผงซักฟอก', '2024-07-18 08:51:20'),
('CT5273730617', 'ของใช้ส่วนตัว', 'แปรงสีฟัน', '2024-07-18 08:53:32'),
('CT5475111831', 'สินค้าประเภทอื่น', 'ของใช้สำหรับเด็ก', '2024-07-18 08:54:00'),
('CT5533198388', 'เครื่องใช้ในครัวเรือน', 'น้ำยาล้างจาน', '2024-07-18 08:51:47'),
('CT5848520835', 'สินค้าประเภทอื่น', 'ของใช้เบ็ดเตล็ด', '2024-07-18 08:54:17'),
('CT5870343697', 'ของใช้ส่วนตัว', 'ผ้าอนามัย', '2024-07-18 08:53:16'),
('CT6238191027', 'ผลิตภัณฑ์นม', 'นมถั่วเหลือง', '2024-07-18 08:48:33'),
('CT6585447304', 'อาหารแห้งและอาหารสำเร็จรูป', 'ข้าวสาร', '2024-07-18 08:47:53'),
('CT6678328723', 'ขนมและของหวาน', 'เค้ก', '2024-07-18 08:50:32'),
('CT6805419637', 'อาหารแห้งและอาหารสำเร็จรูป', 'ถั่ว', '2024-07-18 08:47:44'),
('CT6833921507', 'เครื่องดื่ม', 'น้ำอัดลม', '2024-07-18 08:46:03'),
('CT7500195163', 'เครื่องดื่ม', 'น้ำผลไม้', '2024-07-18 08:46:23'),
('CT7622634368', 'ขนมและของหวาน', 'ขนมหวาน', '2024-07-18 08:50:48'),
('CT7655226211', 'ขนมและของหวาน', 'ขนมปัง', '2024-07-18 08:50:40'),
('CT8387779945', 'ของใช้ส่วนตัว', 'มีดโกน', '2024-07-18 08:53:39'),
('CT8724958871', 'ขนมและของหวาน', 'ลูกอม', '2024-07-18 08:51:05'),
('CT8764171276', 'เครื่องใช้ในครัวเรือน', 'กระดาษทิชชู่', '2024-07-18 08:51:57'),
('CT8818077643', 'ผลิตภัณฑ์เพื่อสุขภาพและความงาม', 'ผลิตภัณฑ์ดูแลเส้นผม', '2024-07-18 08:53:08'),
('CT9007798000', 'อาหารแห้งและอาหารสำเร็จรูป', 'บะหมี่กึ่งสำเร็จรูป', '2024-07-18 08:47:16'),
('CT9091453339', 'เครื่องดื่ม', 'น้ำดื่ม', '2024-07-18 08:42:59'),
('CT9357613868', 'ผลไม้และผักสด', 'สมุนไพรสด', '2024-07-18 08:49:38'),
('CT9381418561', 'เครื่องดื่ม', 'เครื่องดื่มชูกำลัง', '2024-07-18 08:46:34'),
('CT9429311680', 'ขนมและของหวาน', 'ช็อกโกแลต', '2024-07-18 08:50:56');

-- --------------------------------------------------------

--
-- Table structure for table `orders`
--

CREATE TABLE `orders` (
  `order_id` varchar(255) NOT NULL,
  `cashier_id` varchar(255) NOT NULL,
  `customer_id` varchar(255) NOT NULL,
  `pay_id` varchar(255) NOT NULL,
  `total_unit` int(11) NOT NULL,
  `total_amount` decimal(10,2) NOT NULL,
  `member_discount` decimal(10,2) NOT NULL,
  `net_total` decimal(10,2) NOT NULL,
  `get_money` decimal(10,2) NOT NULL,
  `change_money` decimal(10,2) NOT NULL,
  `order_time_transaction` varchar(255) NOT NULL,
  `order_time_payment` varchar(255) NOT NULL,
  `time_order` datetime NOT NULL DEFAULT CURRENT_TIMESTAMP
) ENGINE=InnoDB DEFAULT CHARSET=utf8;

--
-- Dumping data for table `orders`
--

INSERT INTO `orders` (`order_id`, `cashier_id`, `customer_id`, `pay_id`, `total_unit`, `total_amount`, `member_discount`, `net_total`, `get_money`, `change_money`, `order_time_transaction`, `order_time_payment`, `time_order`) VALUES
('OD2373986928', 'MB4444903325', 'MB2976892258', 'PA8746709900', 5, '165.00', '1.65', '163.35', '163.35', '0.00', '5 ส.ค. 2567 09:01:12', '5 ส.ค. 2567 09:04:44', '2024-08-05 09:01:12'),
('OD2433165650', 'MB2248769214', 'MB2976892258', 'PA8746709900', 6, '270.00', '2.70', '267.30', '267.30', '0.00', '21 ส.ค. 2567 20:55:50', '21 ส.ค. 2567 20:55:54', '2024-08-21 20:55:50'),
('OD3317451595', 'MB2248769214', 'MB2976892258', 'PA8746709900', 3, '420.00', '4.20', '415.80', '415.80', '0.00', '13 ส.ค. 2567 18:12:10', '13 ส.ค. 2567 18:12:40', '2024-08-13 18:12:10'),
('OD3348561549', 'MB2248769214', 'N/A', 'PA8746709900', 4, '117.00', '0.00', '117.00', '117.00', '0.00', '16 ส.ค. 2567 09:42:00', '16 ส.ค. 2567 09:44:04', '2024-08-16 09:42:00'),
('OD3445021004', 'MB2248769214', 'MB2976892258', 'PA8746709900', 10, '181.00', '1.81', '179.19', '179.19', '0.00', '5 ส.ค. 2567 10:34:45', '5 ส.ค. 2567 10:35:09', '2024-08-05 10:34:45'),
('OD4354265069', 'MB2248769214', 'N/A', 'PA8746709900', 4, '730.00', '0.00', '730.00', '730.00', '0.00', '21 ส.ค. 2567 20:55:06', '21 ส.ค. 2567 20:55:10', '2024-08-21 20:55:06'),
('OD4697503540', 'MB2248769214', 'MB2976892258', 'PA8746709900', 4, '174.00', '1.74', '172.26', '172.26', '0.00', '21 ส.ค. 2567 20:53:44', '21 ส.ค. 2567 20:53:57', '2024-08-21 20:53:44'),
('OD5480239425', 'MB2248769214', 'N/A', 'PA6246355887', 5, '208.00', '0.00', '208.00', '208.00', '0.00', '5 ส.ค. 2567 10:03:52', '5 ส.ค. 2567 10:04:09', '2024-08-05 10:03:52'),
('OD6714306751', 'MB2248769214', 'N/A', 'PA8746709900', 3, '95.00', '0.00', '95.00', '95.00', '0.00', '14 ส.ค. 2567 10:01:22', '14 ส.ค. 2567 10:01:39', '2024-08-14 10:01:22'),
('OD6783453086', 'MB2248769214', 'N/A', 'PA3559307879', 8, '128.00', '0.00', '128.00', '140.00', '12.00', '5 ส.ค. 2567 10:06:15', '5 ส.ค. 2567 10:06:39', '2024-08-05 10:06:15'),
('OD7939031261', 'MB2248769214', 'N/A', 'PA8746709900', 4, '266.00', '0.00', '266.00', '266.00', '0.00', '21 ส.ค. 2567 20:52:42', '21 ส.ค. 2567 20:53:01', '2024-08-21 20:52:42'),
('OD9268672716', 'MB4444903325', 'N/A', 'PA8746709900', 5, '206.00', '0.00', '206.00', '206.00', '0.00', '5 ส.ค. 2567 09:49:06', '5 ส.ค. 2567 09:49:20', '2024-08-05 09:49:06'),
('OD9270670711', 'MB2248769214', 'MB2976892258', 'PA8746709900', 7, '194.00', '1.94', '192.06', '192.06', '0.00', '5 ส.ค. 2567 09:51:26', '5 ส.ค. 2567 09:51:39', '2024-08-05 09:51:26'),
('OD9291329623', 'MB2248769214', 'N/A', 'PA8746709900', 4, '162.00', '0.00', '162.00', '162.00', '0.00', '5 ส.ค. 2567 10:02:39', '5 ส.ค. 2567 10:02:49', '2024-08-05 10:02:39');

-- --------------------------------------------------------

--
-- Table structure for table `order_product_lists`
--

CREATE TABLE `order_product_lists` (
  `order_id` varchar(255) NOT NULL,
  `product_name` varchar(255) NOT NULL,
  `cart_product_qty` int(11) NOT NULL,
  `product_price` decimal(10,2) NOT NULL,
  `time_order` datetime NOT NULL DEFAULT CURRENT_TIMESTAMP
) ENGINE=InnoDB DEFAULT CHARSET=utf8;

--
-- Dumping data for table `order_product_lists`
--

INSERT INTO `order_product_lists` (`order_id`, `product_name`, `cart_product_qty`, `product_price`, `time_order`) VALUES
('OD2373986928', 'ขนมปังปอนด์', 1, '30.00', '2024-08-05 09:01:12'),
('OD2373986928', 'ขนมปังฟาร์มเฮ้าส์', 3, '35.00', '2024-08-05 09:01:12'),
('OD2373986928', 'ช็อกโกแลตแคดเบอรี่', 1, '30.00', '2024-08-05 09:01:12'),
('OD2433165650', 'กล้วยหอม', 1, '50.00', '2024-08-21 20:55:50'),
('OD2433165650', 'ผักคะน้า', 2, '50.00', '2024-08-21 20:55:50'),
('OD2433165650', 'ผ้าเช็ดหน้าเอสซู', 1, '50.00', '2024-08-21 20:55:50'),
('OD2433165650', 'มะเขือเทศ', 1, '40.00', '2024-08-21 20:55:50'),
('OD2433165650', 'แอปเปิ้ลฟูจิ', 1, '30.00', '2024-08-21 20:55:50'),
('OD3317451595', 'กุ้งขาวสด', 1, '300.00', '2024-08-13 18:12:10'),
('OD3317451595', 'ช็อกโกแลตแคดเบอรี่', 1, '30.00', '2024-08-13 18:12:10'),
('OD3317451595', 'เนื้อไก่สด', 1, '90.00', '2024-08-13 18:12:10'),
('OD3348561549', 'น้ำดื่มสิงห์', 1, '15.00', '2024-08-16 09:42:00'),
('OD3348561549', 'มาม่า รสต้มยำกุ้ง', 2, '6.00', '2024-08-16 09:42:00'),
('OD3348561549', 'เนื้อไก่สด', 1, '90.00', '2024-08-16 09:42:00'),
('OD3445021004', 'ขนมปังฟาร์มเฮ้าส์', 2, '35.00', '2024-08-05 10:34:45'),
('OD3445021004', 'นมถั่วเหลืองแลคตาซอย', 1, '12.00', '2024-08-05 10:34:45'),
('OD3445021004', 'มาม่า รสต้มยำกุ้ง', 4, '6.00', '2024-08-05 10:34:45'),
('OD3445021004', 'เลย์ รสมันฝรั่ง', 2, '30.00', '2024-08-05 10:34:45'),
('OD3445021004', 'โค้ก', 1, '15.00', '2024-08-05 10:34:45'),
('OD4354265069', 'ชีส แคร์รี่โกลด์', 1, '180.00', '2024-08-21 20:55:06'),
('OD4354265069', 'นมสดเมจิ', 1, '50.00', '2024-08-21 20:55:06'),
('OD4354265069', 'ผ้าอ้อมเบบี้เลิฟ', 1, '350.00', '2024-08-21 20:55:06'),
('OD4354265069', 'มีดโกนยิลเลตต์', 1, '150.00', '2024-08-21 20:55:06'),
('OD4697503540', 'นมถั่วเหลืองแลคตาซอย', 2, '12.00', '2024-08-21 20:53:44'),
('OD4697503540', 'แชมพูซันซิล', 1, '120.00', '2024-08-21 20:53:44'),
('OD4697503540', 'แปรงสีฟันดอกเตอร์เบสต์', 1, '30.00', '2024-08-21 20:53:44'),
('OD5480239425', 'ปลากระป๋อง ตราสามแม่ครัว', 4, '22.00', '2024-08-05 10:03:52'),
('OD5480239425', 'อาหารแมววิสกัส', 1, '120.00', '2024-08-05 10:03:52'),
('OD6714306751', 'ขนมปังปอนด์', 2, '30.00', '2024-08-14 10:01:22'),
('OD6714306751', 'ขนมปังฟาร์มเฮ้าส์', 1, '35.00', '2024-08-14 10:01:22'),
('OD6783453086', 'ปลากระป๋อง ตราสามแม่ครัว', 2, '22.00', '2024-08-05 10:06:15'),
('OD6783453086', 'มาม่า รสต้มยำกุ้ง', 4, '6.00', '2024-08-05 10:06:15'),
('OD6783453086', 'เลย์ รสมันฝรั่ง', 2, '30.00', '2024-08-05 10:06:15'),
('OD7939031261', 'ข้าวหอมมะลิ ตราฉัตร', 1, '200.00', '2024-08-21 20:52:42'),
('OD7939031261', 'มาม่า รสต้มยำกุ้ง', 1, '6.00', '2024-08-21 20:52:42'),
('OD7939031261', 'เลย์ รสมันฝรั่ง', 2, '30.00', '2024-08-21 20:52:42'),
('OD9268672716', 'นมถั่วเหลืองแลคตาซอย', 3, '12.00', '2024-08-05 09:49:06'),
('OD9268672716', 'นมสดเมจิ', 1, '50.00', '2024-08-05 09:49:06'),
('OD9268672716', 'แชมพูซันซิล', 1, '120.00', '2024-08-05 09:49:06'),
('OD9270670711', 'ขนมปังฟาร์มเฮ้าส์', 4, '35.00', '2024-08-05 09:51:26'),
('OD9270670711', 'ช็อกโกแลตแคดเบอรี่', 1, '30.00', '2024-08-05 09:51:26'),
('OD9270670711', 'นมถั่วเหลืองแลคตาซอย', 2, '12.00', '2024-08-05 09:51:26'),
('OD9291329623', 'นมถั่วเหลืองแลคตาซอย', 1, '12.00', '2024-08-05 10:02:39'),
('OD9291329623', 'ผ้าเช็ดหน้าเอสซู', 1, '50.00', '2024-08-05 10:02:39'),
('OD9291329623', 'ยาสีฟันคอลเกต', 2, '50.00', '2024-08-05 10:02:39');

-- --------------------------------------------------------

--
-- Table structure for table `payment_options`
--

CREATE TABLE `payment_options` (
  `pay_id` varchar(255) NOT NULL,
  `pay_cat_name` varchar(255) NOT NULL,
  `pay_bank_name` varchar(255) NOT NULL,
  `pay_bank_account_name` varchar(255) NOT NULL,
  `pay_bank_number` varchar(255) NOT NULL,
  `pay_status` varchar(255) NOT NULL,
  `time_order` datetime NOT NULL DEFAULT CURRENT_TIMESTAMP
) ENGINE=InnoDB DEFAULT CHARSET=utf8;

--
-- Dumping data for table `payment_options`
--

INSERT INTO `payment_options` (`pay_id`, `pay_cat_name`, `pay_bank_name`, `pay_bank_account_name`, `pay_bank_number`, `pay_status`, `time_order`) VALUES
('PA3559307879', 'OPT1', 'เงินสด', 'เงินสด', 'เงินสด', '1', '2024-07-13 18:20:57'),
('PA6246355887', 'OPT2', 'ธ.กรุงไทย จำกัด (มหาชน)', 'นายศักดา สุขขวัญ', '9150367897', '0', '2024-07-13 18:21:44'),
('PA8746709900', 'OPT3', 'QR Prompt Pay', 'นายศักดา สุขขวัญ', '0980755735', '1', '2024-07-13 18:32:18');

-- --------------------------------------------------------

--
-- Table structure for table `products`
--

CREATE TABLE `products` (
  `product_id` varchar(255) NOT NULL,
  `cat_id` varchar(255) DEFAULT NULL,
  `product_name` varchar(255) NOT NULL,
  `product_price` decimal(10,2) NOT NULL,
  `time_order` datetime NOT NULL DEFAULT CURRENT_TIMESTAMP
) ENGINE=InnoDB DEFAULT CHARSET=utf8;

--
-- Dumping data for table `products`
--

INSERT INTO `products` (`product_id`, `cat_id`, `product_name`, `product_price`, `time_order`) VALUES
('PD1425473671', 'CT2680393806', 'เนื้อไก่สด', '90.00', '2024-07-19 17:06:01'),
('PD1584214812', 'CT8818077643', 'แชมพูซันซิล', '120.00', '2024-07-19 17:16:01'),
('PD1653540574', 'CT4993736763', 'ปลานิลแช่แข็ง', '70.00', '2024-07-19 17:06:39'),
('PD1782616546', 'CT7655226211', 'ขนมปังฟาร์มเฮ้าส์', '35.00', '2024-07-19 17:07:59'),
('PD1827760940', 'CT9429311680', 'ช็อกโกแลตแคดเบอรี่', '30.00', '2024-07-19 17:08:32'),
('PD1986360441', 'CT7655226211', 'ขนมปังปอนด์', '30.00', '2024-07-19 17:08:20'),
('PD2134911482', 'CT8724958871', 'ลูกอมฮอลล์', '10.00', '2024-07-19 17:08:47'),
('PD2204753963', 'CT4038092452', 'ยาสีฟันคอลเกต', '50.00', '2024-07-19 17:14:43'),
('PD2362545347', 'CT1883527540', 'ชาเขียวอิชิตัน', '20.00', '2024-07-19 16:44:03'),
('PD2848929713', 'CT6238191027', 'นมถั่วเหลืองแลคตาซอย', '12.00', '2024-07-19 17:02:24'),
('PD3283839477', 'CT9357613868', 'โหระพาสด', '100.00', '2024-07-19 17:05:01'),
('PD3381828478', 'CT1005332607', 'น้ำยาถูพื้นไฮเตอร์', '35.00', '2024-07-19 17:19:06'),
('PD3464395156', 'CT9007798000', 'มาม่า รสต้มยำกุ้ง', '6.00', '2024-07-19 16:59:01'),
('PD3567491790', 'CT1264362123', 'ถุงขยะฮีโร่', '20.00', '2024-07-19 17:09:57'),
('PD3913104987', 'CT5273730617', 'แปรงสีฟันดอกเตอร์เบสต์', '30.00', '2024-07-19 17:17:36'),
('PD4120767337', 'CT2900345008', 'สบู่ลักส์', '15.00', '2024-07-19 17:10:53'),
('PD4133267089', 'CT3757236922', 'มะเขือเทศ', '40.00', '2024-07-19 17:04:22'),
('PD4689055457', 'CT5533198388', 'น้ำยาล้างจานซันไลต์', '30.00', '2024-07-19 17:09:21'),
('PD4878678618', 'CT2900345008', 'แชมพูเคลียร์', '120.00', '2024-07-19 17:11:11'),
('PD5235825531', 'CT2680393806', 'เนื้อหมูสันใน', '150.00', '2024-07-19 17:05:35'),
('PD5237773489', 'CT1902860849', 'แอปเปิ้ลฟูจิ', '30.00', '2024-07-19 17:03:41'),
('PD5474243221', 'CT5870343697', 'ผ้าอนามัยโซฟี', '50.00', '2024-07-19 17:16:48'),
('PD5503476508', 'CT4187957373', 'โยเกิร์ตบัลแกเรีย', '20.00', '2024-07-19 17:02:38'),
('PD5801599279', 'CT4003830558', 'ผ้าอ้อมเบบี้เลิฟ', '350.00', '2024-07-19 17:17:21'),
('PD5941997489', 'CT5475111831', 'ขวดนมพีเจ้น', '150.00', '2024-07-19 17:18:48'),
('PD6435809286', 'CT7622634368', 'เค้กเนยสด', '40.00', '2024-07-19 17:07:38'),
('PD6589545299', 'CT1444296577', 'ครีมบำรุงผิววาสลีน', '150.00', '2024-07-19 17:15:00'),
('PD6708234812', 'CT9381418561', 'M-150', '10.00', '2024-07-19 16:46:22'),
('PD6851831233', 'CT1446403269', 'เลย์ รสมันฝรั่ง', '30.00', '2024-07-19 17:00:11'),
('PD6949426179', 'CT1715644319', 'เนยออร์คิด', '70.00', '2024-07-19 17:02:56'),
('PD7174382490', 'CT5243993127', 'ผงซักฟอกบรีส', '85.00', '2024-07-19 17:09:06'),
('PD7285816504', 'CT1576343599', 'ปลากระป๋อง ตราสามแม่ครัว', '22.00', '2024-07-19 17:01:08'),
('PD7328153247', 'CT3757236922', 'ผักคะน้า', '50.00', '2024-07-19 17:04:45'),
('PD7382769630', 'CT9091453339', 'น้ำดื่มสิงห์', '15.00', '2024-07-19 16:42:18'),
('PD7403615743', 'CT5848520835', 'ไฟแช็กบิ๊ก', '10.00', '2024-07-19 17:19:28'),
('PD7509530563', 'CT1902860849', 'กล้วยหอม', '50.00', '2024-07-19 17:04:01'),
('PD7859562183', 'CT2369775768', 'อาหารแมววิสกัส', '120.00', '2024-07-19 17:18:28'),
('PD8043481457', 'CT6585447304', 'ข้าวหอมมะลิ ตราฉัตร', '200.00', '2024-07-19 17:00:50'),
('PD8119885276', 'CT8387779945', 'มีดโกนยิลเลตต์', '150.00', '2024-07-19 17:18:01'),
('PD8765617023', 'CT6833921507', 'โค้ก', '15.00', '2024-07-19 16:43:35'),
('PD9005604908', 'CT4815028065', 'นมสดเมจิ', '50.00', '2024-07-19 17:01:59'),
('PD9061950685', 'CT6805419637', 'ถั่วลิสงโก๋แก่', '35.00', '2024-07-19 17:00:30'),
('PD9211238092', 'CT2448641945', 'กุ้งขาวสด', '300.00', '2024-07-19 17:06:17'),
('PD9229014229', 'CT8764171276', 'กระดาษทิชชู่สก๊อตต์', '50.00', '2024-07-19 17:09:37'),
('PD9441543721', 'CT1005332607', 'ผ้าเช็ดหน้าเอสซู', '50.00', '2024-07-19 17:19:51'),
('PD9486870928', 'CT4993736763', 'ปลาหมึกแช่แข็ง', '250.00', '2024-07-19 17:06:56'),
('PD9557571807', 'CT7500195163', 'น้ำผลไม้ทิปโก้', '40.00', '2024-07-19 16:44:35'),
('PD9887319149', 'CT3385017092', 'ชีส แคร์รี่โกลด์', '180.00', '2024-07-19 17:03:12');

-- --------------------------------------------------------

--
-- Table structure for table `users`
--

CREATE TABLE `users` (
  `member_id` varchar(255) NOT NULL,
  `role_id` varchar(255) NOT NULL,
  `member_firstname` varchar(255) NOT NULL,
  `member_lastname` varchar(255) NOT NULL,
  `member_username` varchar(255) NOT NULL,
  `member_password` varchar(255) NOT NULL,
  `member_tel` varchar(255) NOT NULL,
  `member_time_register` varchar(255) NOT NULL,
  `member_time_login` varchar(255) NOT NULL,
  `time_order` datetime NOT NULL DEFAULT CURRENT_TIMESTAMP
) ENGINE=InnoDB DEFAULT CHARSET=utf8;

--
-- Dumping data for table `users`
--

INSERT INTO `users` (`member_id`, `role_id`, `member_firstname`, `member_lastname`, `member_username`, `member_password`, `member_tel`, `member_time_register`, `member_time_login`, `time_order`) VALUES
('MB1131347521', 'ROLE001', 'ศักดา', 'สุขขวัญ', 'sakdar.s@pos', 'sakdar.s@pos', '0980755735', '14 มิ.ย. 2567 11:27:50', '21 ส.ค. 2567 21:04:02', '2024-06-14 11:27:50'),
('MB2027027573', 'ROLE003', 'กัญญารัตน์', 'สินเจริญ', 'kanyarat.s@pos', 'kanyarat.s@pos', '0659985125', '14 มิ.ย. 2567 12:12:47', '14 มิ.ย. 2567 12:12:47', '2024-06-14 12:12:47'),
('MB2248769214', 'ROLE002', 'ชรินทร์รัตน์', 'สุวรรณรัตน์', 'charinrat.s@pos', 'charinrat.s@pos', '0956547895', '14 มิ.ย. 2567 12:10:26', '21 ส.ค. 2567 21:03:47', '2024-06-14 12:10:26'),
('MB2335127573', 'ROLE002', 'พรประภา', 'กำจัดภัย', 'pornpapar.g@pos', 'pornpapar.g@pos', '0657874595', '14 มิ.ย. 2567 11:51:01', '14 มิ.ย. 2567 11:51:01', '2024-06-14 11:51:01'),
('MB2357696365', 'ROLE002', 'บัวชมพู', 'รัตนา', 'buachompuu.r@pos', 'buachompuu.r@pos', '0746542355', '14 มิ.ย. 2567 12:08:23', '14 มิ.ย. 2567 12:08:23', '2024-06-14 12:08:23'),
('MB2976892258', 'ROLE003', 'แพรวา', 'ธรรมรัตน์', 'parewa.t@pos', 'parewa.t@pos', '0634562566', '14 มิ.ย. 2567 18:37:42', '17 ส.ค. 2567 15:50:34', '2024-06-14 18:37:42'),
('MB3088654056', 'ROLE002', 'อัมรินทร์', 'สุวรรณชาติ', 'aummarin.s@pos', 'aummarin.s@pos', '0453331234', '10 ก.ค. 2567 09:51:46', '10 ก.ค. 2567 09:51:46', '2024-07-10 10:17:50'),
('MB3466477454', 'ROLE003', 'พรอย', 'ชมพู', 'ploy.c@pos', 'ploy.c@pos', '0976541235', '15 มิ.ย. 2567 09:07:09', '15 มิ.ย. 2567 09:07:09', '2024-06-15 09:07:09'),
('MB4444903325', 'ROLE002', 'นริศรา', 'สิงค์ดา', 'naritsara.s@pos', 'naritsara.s@pos', '0654836545', '14 มิ.ย. 2567 11:32:19', '5 ส.ค. 2567 08:52:22', '2024-06-14 11:32:19'),
('MB5862619314', 'ROLE002', 'แพรพลอย', 'เกษมสุข', 'prawploy.k@pos', 'prawploy.k@pos', '0994551234', '9 ก.ค. 2567 17:23:17', '9 ก.ค. 2567 17:23:17', '2024-07-09 17:23:17'),
('MB5864308660', 'ROLE003', 'ปรียาภรณ์', 'สุขสวัสดิ์', 'preyaporn.s@pos', 'preyaporn.s@pos', '0875456523', '14 มิ.ย. 2567 13:18:30', '14 มิ.ย. 2567 13:18:30', '2024-06-14 13:18:30'),
('MB6176927131', 'ROLE003', 'ธัญญ์นรี', 'บุญประเสริฐ', 'tannare.b@pos', 'tannare.b@pos', '0843654565', '14 มิ.ย. 2567 13:17:29', '14 มิ.ย. 2567 13:17:29', '2024-06-14 13:17:29'),
('MB8434964444', 'ROLE003', 'ศิริพร', 'จันทร์เพ็ญ', 'siriporn.j@pos', 'siriporn.j@pos', '0456544554', '15 มิ.ย. 2567 10:27:22', '15 มิ.ย. 2567 10:27:22', '2024-06-15 10:27:22'),
('MB9033093141', 'ROLE003', 'สุดารัตน์', 'วงศ์วรวิทย์', 'sudarat.v@pos', 'sudarat.v@pos', '0951112223', '10 ก.ค. 2567 16:47:50', '5 ส.ค. 2567 11:18:35', '2024-07-10 19:05:39'),
('MB9141185012', 'ROLE003', 'ญาดา', 'นวลพรรณ', 'yada.n@pos', 'yada.n@pos', '0643554568', '14 มิ.ย. 2567 12:30:30', '14 มิ.ย. 2567 12:30:30', '2024-06-14 12:30:30'),
('MB9288107054', 'ROLE003', 'ชนากานต์', 'อินทรชัย', 'chanakan.e@pos', 'chanakan.e@pos', '0745456544', '14 มิ.ย. 2567 12:29:45', '14 มิ.ย. 2567 12:29:45', '2024-06-14 12:29:45');

-- --------------------------------------------------------

--
-- Table structure for table `user_role`
--

CREATE TABLE `user_role` (
  `role_id` varchar(255) NOT NULL,
  `role_name` varchar(255) NOT NULL
) ENGINE=InnoDB DEFAULT CHARSET=utf8;

--
-- Dumping data for table `user_role`
--

INSERT INTO `user_role` (`role_id`, `role_name`) VALUES
('ROLE001', 'เจ้าของร้าน / Shop Owner'),
('ROLE002', 'แคชเชียร์ / Cashier'),
('ROLE003', 'ลูกค้า / Customer');

--
-- Indexes for dumped tables
--

--
-- Indexes for table `cart_orders`
--
ALTER TABLE `cart_orders`
  ADD PRIMARY KEY (`cart_id`),
  ADD KEY `cashier_id` (`cashier_id`),
  ADD KEY `product_id` (`product_id`);

--
-- Indexes for table `categories`
--
ALTER TABLE `categories`
  ADD PRIMARY KEY (`cat_id`);

--
-- Indexes for table `orders`
--
ALTER TABLE `orders`
  ADD PRIMARY KEY (`order_id`),
  ADD KEY `pay_id` (`pay_id`);

--
-- Indexes for table `order_product_lists`
--
ALTER TABLE `order_product_lists`
  ADD PRIMARY KEY (`order_id`,`product_name`);

--
-- Indexes for table `payment_options`
--
ALTER TABLE `payment_options`
  ADD PRIMARY KEY (`pay_id`);

--
-- Indexes for table `products`
--
ALTER TABLE `products`
  ADD PRIMARY KEY (`product_id`),
  ADD KEY `cat_id` (`cat_id`);

--
-- Indexes for table `users`
--
ALTER TABLE `users`
  ADD PRIMARY KEY (`member_id`),
  ADD KEY `role_id` (`role_id`);

--
-- Indexes for table `user_role`
--
ALTER TABLE `user_role`
  ADD PRIMARY KEY (`role_id`);

--
-- Constraints for dumped tables
--

--
-- Constraints for table `cart_orders`
--
ALTER TABLE `cart_orders`
  ADD CONSTRAINT `cart_orders_ibfk_1` FOREIGN KEY (`cashier_id`) REFERENCES `users` (`member_id`),
  ADD CONSTRAINT `cart_orders_ibfk_2` FOREIGN KEY (`product_id`) REFERENCES `products` (`product_id`);

--
-- Constraints for table `orders`
--
ALTER TABLE `orders`
  ADD CONSTRAINT `orders_ibfk_1` FOREIGN KEY (`pay_id`) REFERENCES `payment_options` (`pay_id`);

--
-- Constraints for table `order_product_lists`
--
ALTER TABLE `order_product_lists`
  ADD CONSTRAINT `order_product_lists_ibfk_1` FOREIGN KEY (`order_id`) REFERENCES `orders` (`order_id`);

--
-- Constraints for table `products`
--
ALTER TABLE `products`
  ADD CONSTRAINT `products_ibfk_1` FOREIGN KEY (`cat_id`) REFERENCES `categories` (`cat_id`);

--
-- Constraints for table `users`
--
ALTER TABLE `users`
  ADD CONSTRAINT `users_ibfk_1` FOREIGN KEY (`role_id`) REFERENCES `user_role` (`role_id`);
COMMIT;

/*!40101 SET CHARACTER_SET_CLIENT=@OLD_CHARACTER_SET_CLIENT */;
/*!40101 SET CHARACTER_SET_RESULTS=@OLD_CHARACTER_SET_RESULTS */;
/*!40101 SET COLLATION_CONNECTION=@OLD_COLLATION_CONNECTION */;
